id,photographer,width,height,url,download_url
192,Adam Przewoski,2352,2352,https://unsplash.com/photos/umchkHwkdyM,https://picsum.photos/id/192/2352/2352
322,Afroz Nawaf,5760,3840,https://unsplash.com/photos/dSyWD7oRns8,https://picsum.photos/id/322/5760/3840
2,Alejandro Escamilla,5616,3744,https://unsplash.com/photos/N7XodRrbzS0,https://picsum.photos/id/2/5616/3744
3,Alejandro Escamilla,5616,3744,https://unsplash.com/photos/Dl6jeyfihLk,https://picsum.photos/id/3/5616/3744
4,Alejandro Escamilla,5616,3744,https://unsplash.com/photos/y83Je1OC6Wc,https://picsum.photos/id/4/5616/3744
21,Alejandro Escamilla,3008,2008,https://unsplash.com/photos/jVb0mSn0LbE,https://picsum.photos/id/21/3008/2008
22,Alejandro Escamilla,4434,3729,https://unsplash.com/photos/du_OrQAA4r0,https://picsum.photos/id/22/4434/3729
23,Alejandro Escamilla,3887,4899,https://unsplash.com/photos/8yqds_91OLw,https://picsum.photos/id/23/3887/4899
24,Alejandro Escamilla,4855,1803,https://unsplash.com/photos/cZhUxIQjILg,https://picsum.photos/id/24/4855/1803
25,Alejandro Escamilla,5616,3744,https://unsplash.com/photos/Iuq0EL4EINY,https://picsum.photos/id/25/5616/3744
33,Alejandro Escamilla,5616,3744,https://unsplash.com/photos/LBI7cgq3pbM,https://picsum.photos/id/33/5616/3744
20,Aleks Dorohovich,3670,2462,https://unsplash.com/photos/nJdwUHmaY8A,https://picsum.photos/id/20/3670/2462
34,Aleks Dorohovich,3872,2592,https://unsplash.com/photos/zZvsEMPxjIA,https://picsum.photos/id/34/3872/2592
290,Aleksandar Vacia,3456,2304,https://unsplash.com/photos/nAZOGbSWK9o,https://picsum.photos/id/290/3456/2304
231,Aleksandra Boguslawska,4088,2715,https://unsplash.com/photos/XeCvtUX-AE0,https://picsum.photos/id/231/4088/2715
287,Aleksandra Boguslawska,4288,2848,https://unsplash.com/photos/c54ZhWDLEDo,https://picsum.photos/id/287/4288/2848
172,Aleksi Tappura,2000,1325,https://unsplash.com/photos/TQeX8khR54I,https://picsum.photos/id/172/2000/1325
194,Aleksi Tappura,2000,1325,https://unsplash.com/photos/hVOv8me9ue8,https://picsum.photos/id/194/2000/1325
370,Aleksi Tappura,4928,3264,https://unsplash.com/photos/PjH_BkzjxTA,https://picsum.photos/id/370/4928/3264
344,Alex Gindin,3843,2591,https://unsplash.com/photos/ifpBOcQlhoY,https://picsum.photos/id/344/3843/2591
191,Alex Talmon,2560,1707,https://unsplash.com/photos/6iat9p85VnQ,https://picsum.photos/id/191/2560/1707
347,Alex Talmon,5149,3433,https://unsplash.com/photos/umq-jgTjr28,https://picsum.photos/id/347/5149/3433
393,Alex Talmon,2560,1707,https://unsplash.com/photos/UFskvng2OMU,https://picsum.photos/id/393/2560/1707
38,Allyson Souza,1280,960,https://unsplash.com/photos/JabLtzJl8bc,https://picsum.photos/id/38/1280/960
238,Anders Jildacn,2560,1440,https://unsplash.com/photos/yb0Qs65aZmc,https://picsum.photos/id/238/2560/1440
249,Anders Jildacn,3000,2000,https://unsplash.com/photos/nrLtvA05jk8,https://picsum.photos/id/249/3000/2000
297,Andrac Robillard,5781,3728,https://unsplash.com/photos/IUwLkxL49co,https://picsum.photos/id/297/5781/3728
237,Andra Spieker,3500,2095,https://unsplash.com/photos/8wTPqxlnKM4,https://picsum.photos/id/237/3500/2095
187,Andre Koch,4000,2667,https://unsplash.com/photos/oSf8ePoG9NU,https://picsum.photos/id/187/4000/2667
182,Andrea Boldizsar,2896,1944,https://unsplash.com/photos/BwgKUh9tN84,https://picsum.photos/id/182/2896/1944
227,Andrea Boldizsar,1024,683,https://unsplash.com/photos/1iP1dozVO8I,https://picsum.photos/id/227/1024/683
376,Andrew Ruiz,5450,3623,https://unsplash.com/photos/bI2j1olMXUA,https://picsum.photos/id/376/5450/3623
179,Angelina Odemchuk,2048,1365,https://unsplash.com/photos/lp0IFw6YqZg,https://picsum.photos/id/179/2048/1365
348,Anna Dziubinska,3872,2592,https://unsplash.com/photos/mVhd5QVlDWw,https://picsum.photos/id/348/3872/2592
124,Anton Sulsky,3504,2336,https://unsplash.com/photos/fj0tFloTPGQ,https://picsum.photos/id/124/3504/2336
284,Ariana Prestes,2048,1365,https://unsplash.com/photos/MpSnQAUTgcE,https://picsum.photos/id/284/2048/1365
401,Austin Ban,5184,3456,https://unsplash.com/photos/0fjGQmYCRW8,https://picsum.photos/id/401/5184/3456
37,Austin Neill,2000,1333,https://unsplash.com/photos/erTjj730fMk,https://picsum.photos/id/37/2000/1333
253,Bartosz Baak,2448,3264,https://unsplash.com/photos/4bYpcsaDhpE,https://picsum.photos/id/253/2448/3264
309,Ben Moore,3872,2592,https://unsplash.com/photos/qjs4WqT8Ib0,https://picsum.photos/id/309/3872/2592
199,Beto Galetto,2592,1728,https://unsplash.com/photos/RL0l7Zk5PxU,https://picsum.photos/id/199/2592/1728
302,Billy Lam,1728,1080,https://unsplash.com/photos/O3rmGgNYLKo,https://picsum.photos/id/302/1728/1080
321,Bjarn Simon,1920,713,https://unsplash.com/photos/wUOnD41Wx68,https://picsum.photos/id/321/1920/713
390,Brooklyn Morgan,5760,3840,https://unsplash.com/photos/vlSyS1VLCoQ,https://picsum.photos/id/390/5760/3840
189,Buzo Jesaos,2048,1536,https://unsplash.com/photos/pHM4a_RZSLE,https://picsum.photos/id/189/2048/1536
291,Caleb George,3264,2176,https://unsplash.com/photos/zdjOYZeJj3w,https://picsum.photos/id/291/3264/2176
349,Caleb George,3264,2176,https://unsplash.com/photos/FmMivfgHCiM,https://picsum.photos/id/349/3264/2176
352,Caleb George,3264,2176,https://unsplash.com/photos/URmkfvtK3Qw,https://picsum.photos/id/352/3264/2176
365,Carli Jean,5616,3744,https://unsplash.com/photos/15YDf39RIVc,https://picsum.photos/id/365/5616/3744
360,Cas Cornelissen,1925,1280,https://unsplash.com/photos/G2UTNecskWg,https://picsum.photos/id/360/1925/1280
378,Charles Forerunner,5184,3456,https://unsplash.com/photos/3fPXt37X6UQ,https://picsum.photos/id/378/5184/3456
308,Charles L,1536,1024,https://unsplash.com/photos/5z8CIELxW1Y,https://picsum.photos/id/308/1536/1024
129,Charlie Foster,4910,3252,https://unsplash.com/photos/A88emaZe7d8,https://picsum.photos/id/129/4910/3252
131,Charlie Foster,4698,3166,https://unsplash.com/photos/yPaskTQiNjA,https://picsum.photos/id/131/4698/3166
134,Charlie Foster,4928,3264,https://unsplash.com/photos/Osl4I3IS9Cw,https://picsum.photos/id/134/4928/3264
153,Charlie Foster,4763,3155,https://unsplash.com/photos/xpkmxDGPz0Y,https://picsum.photos/id/153/4763/3155
161,Chloe Benko-Prieur,4240,2832,https://unsplash.com/photos/ti4uz330CwU,https://picsum.photos/id/161/4240/2832
236,Chris Adams,2592,1944,https://unsplash.com/photos/kzhbVDBDdlc,https://picsum.photos/id/236/2592/1944
392,Chris Brignola,5580,3720,https://unsplash.com/photos/n7n-nkadHRM,https://picsum.photos/id/392/5580/3720
265,Chris Liu-Beers,3264,2448,https://unsplash.com/photos/SOx0JJK_P-g,https://picsum.photos/id/265/3264/2448
154,Christopher Sardegna,3264,2176,https://unsplash.com/photos/x_jTtMOOMd4,https://picsum.photos/id/154/3264/2176
155,Christopher Sardegna,3264,2176,https://unsplash.com/photos/4f7r1LuPYj8,https://picsum.photos/id/155/3264/2176
156,Christopher Sardegna,2177,3264,https://unsplash.com/photos/iRyGmA_no2Q,https://picsum.photos/id/156/2177/3264
239,Coley Christine,1739,1391,https://unsplash.com/photos/GyvMk5pPDXI,https://picsum.photos/id/239/1739/1391
337,Cornelia Bachse,1572,1179,https://unsplash.com/photos/7eu-KaAJwks,https://picsum.photos/id/337/1572/1179
201,Craig Garner,5184,3456,https://unsplash.com/photos/YoadQb46v6k,https://picsum.photos/id/201/5184/3456
117,Daniel Ebersole,1544,1024,https://unsplash.com/photos/Q14J2k8VE3U,https://picsum.photos/id/117/1544/1024
158,Daniel Robert,4836,3224,https://unsplash.com/photos/MRxD-J9-4ps,https://picsum.photos/id/158/4836/3224
356,Daniel Ruswick,3264,2448,https://unsplash.com/photos/fqtOAqbbnJg,https://picsum.photos/id/356/3264/2448
177,Danka & Peter,2515,1830,https://unsplash.com/photos/tvicgTdh7Fg,https://picsum.photos/id/177/2515/1830
320,Danka & Peter,2689,1795,https://unsplash.com/photos/3FN6tlvTjwM,https://picsum.photos/id/320/2689/1795
335,Danka & Peter,2249,1499,https://unsplash.com/photos/EhyiZ9-Zfo0,https://picsum.photos/id/335/2249/1499
340,Davey Heuser,4752,3168,https://unsplash.com/photos/ixHfyjA49M8,https://picsum.photos/id/340/4752/3168
268,Davide Ragusa,4228,2773,https://unsplash.com/photos/vc3ZOCf5BN8,https://picsum.photos/id/268/4228/2773
275,Davide Ragusa,4288,2848,https://unsplash.com/photos/ATutAPqj4zw,https://picsum.photos/id/275/4288/2848
276,Davide Ragusa,4250,2801,https://unsplash.com/photos/sM3lniBo2LY,https://picsum.photos/id/276/4250/2801
133,Dietmar Becker,2742,1828,https://unsplash.com/photos/8Zt0xOOK4nI,https://picsum.photos/id/133/2742/1828
162,Dillon McIntosh,1500,998,https://unsplash.com/photos/SlGVAKyP20U,https://picsum.photos/id/162/1500/998
203,Diogo Tavares,4032,3024,https://unsplash.com/photos/PFZTiiJnjag,https://picsum.photos/id/203/4032/3024
395,Dogancan Ozturan,4080,2720,https://unsplash.com/photos/94taEmdowRw,https://picsum.photos/id/395/4080/2720
305,Dominik Martin,4928,3264,https://unsplash.com/photos/B6uUPYt7wz4,https://picsum.photos/id/305/4928/3264
310,Dominik Martin,4928,3264,https://unsplash.com/photos/YxNW6SqiDD8,https://picsum.photos/id/310/4928/3264
325,Dominik Martin,4928,3264,https://unsplash.com/photos/vf29T22259I,https://picsum.photos/id/325/4928/3264
326,Dominik Martin,4928,3264,https://unsplash.com/photos/JYFmYif4n70,https://picsum.photos/id/326/4928/3264
304,Drew Patrick Miller,6016,4000,https://unsplash.com/photos/_o6AAx9dl_Y,https://picsum.photos/id/304/6016/4000
196,Dyaa Eldin Moustafa,2048,1536,https://unsplash.com/photos/mR_HR8NZwg8,https://picsum.photos/id/196/2048/1536
151,Edoardo Loru,4288,3216,https://unsplash.com/photos/xPfj_Kdcal4,https://picsum.photos/id/151/4288/3216
200,Elias Carlsson,1920,1280,https://unsplash.com/photos/wSb8d-ke5-4,https://picsum.photos/id/200/1920/1280
240,Elisabetta Foco,2972,1932,https://unsplash.com/photos/dFkCXUMB4r4,https://picsum.photos/id/240/2972/1932
257,Emanuele Pinna,5184,3456,https://unsplash.com/photos/3EYK2njhLxc,https://picsum.photos/id/257/5184/3456
261,Fabio Rose,2200,1650,https://unsplash.com/photos/HJSIZsC4te8,https://picsum.photos/id/261/2200/1650
329,Felipe Santana,5472,3648,https://unsplash.com/photos/-e_njRV9hRE,https://picsum.photos/id/329/5472/3648
146,Florian Klauer,5184,3456,https://unsplash.com/photos/GG0jOrmwqtw,https://picsum.photos/id/146/5184/3456
252,Florian Klauer,6400,4200,https://unsplash.com/photos/-K6JMRMj4x4,https://picsum.photos/id/252/6400/4200
350,Forrest Cavale,6016,4016,https://unsplash.com/photos/17x5rTAAvXM,https://picsum.photos/id/350/6016/4016
353,Forrest Cavale,6016,3376,https://unsplash.com/photos/qfmd9bu7IgA,https://picsum.photos/id/353/6016/3376
258,Frac Sonneveld,4608,3072,https://unsplash.com/photos/liiqOto_Dw8,https://picsum.photos/id/258/4608/3072
271,Frac Sonneveld,4608,3072,https://unsplash.com/photos/Bpb6yvtkpEY,https://picsum.photos/id/271/4608/3072
314,Frac Sonneveld,4608,3072,https://unsplash.com/photos/1rZcfdsjoR4,https://picsum.photos/id/314/4608/3072
233,Francisco Casero,1280,857,https://unsplash.com/photos/ytvZF0miwDI,https://picsum.photos/id/233/1280/857
372,Gabriel Santiago,4871,3247,https://unsplash.com/photos/KWkMiUIxcD0,https://picsum.photos/id/372/4871/3247
180,Galymzhan Abdugalimov,2400,1600,https://unsplash.com/photos/ICW6QYOcdlg,https://picsum.photos/id/180/2400/1600
247,Georgia Dixon,3264,2168,https://unsplash.com/photos/wuHPFRWtDLI,https://picsum.photos/id/247/3264/2168
202,Glen Carrie,2392,1260,https://unsplash.com/photos/xlAmGyZE7Zg,https://picsum.photos/id/202/2392/1260
29,Go Wild,4000,2670,https://unsplash.com/photos/V0yAek6BgGk,https://picsum.photos/id/29/4000/2670
176,Good Free Photos,2500,1662,https://unsplash.com/photos/WO4bxwzHRe8,https://picsum.photos/id/176/2500/1662
141,Greg Shield,2048,1365,https://unsplash.com/photos/v9eNihIWh8k,https://picsum.photos/id/141/2048/1365
296,Greg Shield,3072,2048,https://unsplash.com/photos/Du30R57aCyM,https://picsum.photos/id/296/3072/2048
384,Griffin Keller,5184,3456,https://unsplash.com/photos/-mNvCsNlsSE,https://picsum.photos/id/384/5184/3456
385,Griffin Keller,5066,3377,https://unsplash.com/photos/7oS_26cb1Wo,https://picsum.photos/id/385/5066/3377
120,Guillaume,4928,3264,https://unsplash.com/photos/_DA3D5P71qs,https://picsum.photos/id/120/4928/3264
149,Guillaume,3454,2288,https://unsplash.com/photos/revxuIor0nY,https://picsum.photos/id/149/3454/2288
232,Hide Obara,3000,1987,https://unsplash.com/photos/Qh6wsKk1HWg,https://picsum.photos/id/232/3000/1987
31,How-Soon Ngu,3264,4912,https://unsplash.com/photos/7Vz3DtQDT3Q,https://picsum.photos/id/31/3264/4912
343,Jacob Aguilar-Friend,2304,1536,https://unsplash.com/photos/FRUNWjolvNA,https://picsum.photos/id/343/2304/1536
383,Jacob Valerio,4288,2848,https://unsplash.com/photos/1tjjwmK5Q10,https://picsum.photos/id/383/4288/2848
389,Jake Hills,4562,3042,https://unsplash.com/photos/bt-Sc22W-BE,https://picsum.photos/id/389/4562/3042
190,James Forbes,2048,1365,https://unsplash.com/photos/jrzvClypPq8,https://picsum.photos/id/190/2048/1365
367,James Tarbotton,4928,3264,https://unsplash.com/photos/gm18kqu9TxQ,https://picsum.photos/id/367/4928/3264
280,Jay Wennington,5491,3661,https://unsplash.com/photos/yIDqQ15KgRI,https://picsum.photos/id/280/5491/3661
373,Jay Wennington,4896,3264,https://unsplash.com/photos/i8CYGnoerR0,https://picsum.photos/id/373/4896/3264
289,Jennifer Langley,2800,1508,https://unsplash.com/photos/vIqxsp0_p1g,https://picsum.photos/id/289/2800/1508
28,Jerry Adney,4928,3264,https://unsplash.com/photos/_WiFMBRT7Aw,https://picsum.photos/id/28/4928/3264
269,Jill Heyer,4608,3072,https://unsplash.com/photos/bbV7QzDUJus,https://picsum.photos/id/269/4608/3072
168,Joeri Rapmer,1920,1280,https://unsplash.com/photos/Xne1N4yZuOY,https://picsum.photos/id/168/1920/1280
400,John French,5184,3456,https://unsplash.com/photos/SNW4DWZEy8I,https://picsum.photos/id/400/5184/3456
266,John Maravelakis,4608,2592,https://unsplash.com/photos/Vosp2wlY3Bs,https://picsum.photos/id/266/4608/2592
255,Jon Ottosson,4592,3064,https://unsplash.com/photos/Xg1e5bR_bL4,https://picsum.photos/id/255/4592/3064
264,Jon Phillips,4912,3264,https://unsplash.com/photos/XsPM2CBTTpI,https://picsum.photos/id/264/4912/3264
397,Jonas Lavoie-Levesque,4475,2984,https://unsplash.com/photos/XnuFhviCGio,https://picsum.photos/id/397/4475/2984
363,Josa Martan,4802,3202,https://unsplash.com/photos/RxaN6Bbches,https://picsum.photos/id/363/4802/3202
364,Josa Martan,5184,3024,https://unsplash.com/photos/Gauk-pFdvKk,https://picsum.photos/id/364/5184/3024
379,Kamil Lehmann,2000,1328,https://unsplash.com/photos/2f5Ktwb8YXk,https://picsum.photos/id/379/2000/1328
307,Keith Misner,5760,3840,https://unsplash.com/photos/h0Vxgz5tyXA,https://picsum.photos/id/307/5760/3840
213,Kelly Sikkema,4928,3264,https://unsplash.com/photos/X7dy114KWs4,https://picsum.photos/id/213/4928/3264
214,Kelly Sikkema,2729,2047,https://unsplash.com/photos/Ereoqdv5s48,https://picsum.photos/id/214/2729/2047
197,Kholodnitskiy Maksim,4272,2848,https://unsplash.com/photos/n6TWNDfyPwk,https://picsum.photos/id/197/4272/2848
371,Kim Daniel,5616,3744,https://unsplash.com/photos/5Zn_WCC9aFA,https://picsum.photos/id/371/5616/3744
334,Kimberly Richards,2304,1536,https://unsplash.com/photos/ERSauUNQ3ag,https://picsum.photos/id/334/2304/1536
157,Koichi Nakajima,6211,4862,https://unsplash.com/photos/HFbRnCjWHsk,https://picsum.photos/id/157/6211/4862
263,Kristian Karlsson,3635,5301,https://unsplash.com/photos/NUBjCmEgbHM,https://picsum.photos/id/263/3635/5301
319,Kristian Karlsson,5445,2768,https://unsplash.com/photos/3V6ZTpZS-ag,https://picsum.photos/id/319/5445/2768
140,Kundan Ramisetti,2448,2448,https://unsplash.com/photos/Acfgb7bc-Bc,https://picsum.photos/id/140/2448/2448
147,Kundan Ramisetti,2448,2448,https://unsplash.com/photos/OODWPtfXAF0,https://picsum.photos/id/147/2448/2448
361,Lacey Raper,5184,3456,https://unsplash.com/photos/ey1Obz7I2fw,https://picsum.photos/id/361/5184/3456
234,Laura Liberal,2048,2048,https://unsplash.com/photos/_py5wlZTI2c,https://picsum.photos/id/234/2048/2048
358,Levi Saunders,2592,1728,https://unsplash.com/photos/1nz-KjRdg-s,https://picsum.photos/id/358/2592/1728
315,Liam Andrew,2100,1500,https://unsplash.com/photos/W7CopGaHkEM,https://picsum.photos/id/315/2100/1500
163,Linh Nguyen,2000,1333,https://unsplash.com/photos/oFAVqfTSby8,https://picsum.photos/id/163/2000/1333
164,Linh Nguyen,1200,800,https://unsplash.com/photos/agkblvPff5U,https://picsum.photos/id/164/1200/800
165,Linh Nguyen,2000,1333,https://unsplash.com/photos/xjXz8GKXcTI,https://picsum.photos/id/165/2000/1333
173,Linh Nguyen,1200,737,https://unsplash.com/photos/J8k-gzI0Zy0,https://picsum.photos/id/173/1200/737
174,Linh Nguyen,1600,589,https://unsplash.com/photos/YYegjUYIVeg,https://picsum.photos/id/174/1600/589
311,Logan Adermatt,1000,563,https://unsplash.com/photos/VkF8pVVoFg0,https://picsum.photos/id/311/1000/563
369,Lou Levit,4692,3128,https://unsplash.com/photos/umcc42T8fD4,https://picsum.photos/id/369/4692/3128
402,Loudge,1200,715,https://unsplash.com/photos/VfIYjO8P_24,https://picsum.photos/id/402/1200/715
318,Louis Pellissier,3264,2448,https://unsplash.com/photos/wJ2SaSiL5FA,https://picsum.photos/id/318/3264/2448
145,Lucas Boesche,4288,2848,https://unsplash.com/photos/VkuuTRkcRqw,https://picsum.photos/id/145/4288/2848
388,Lucas Lapf,4288,2848,https://unsplash.com/photos/weqZJ1WNYj8,https://picsum.photos/id/388/4288/2848
39,Luke Chesser,3456,2304,https://unsplash.com/photos/pFqrYbhIAXs,https://picsum.photos/id/39/3456/2304
374,Ma Alejandra,3888,2592,https://unsplash.com/photos/TDahcrcPhhA,https://picsum.photos/id/374/3888/2592
183,Mallermarc,2316,1544,https://unsplash.com/photos/k7bQqdUf954,https://picsum.photos/id/183/2316/1544
127,Marcin Czerwinski,4032,2272,https://unsplash.com/photos/rf-0DQu5M6Y,https://picsum.photos/id/127/4032/2272
136,Marcin Czerwinski,4032,2272,https://unsplash.com/photos/2wugfiddtXw,https://picsum.photos/id/136/4032/2272
272,Marco sama,1920,1280,https://unsplash.com/photos/4Ww2bI-O3z0,https://picsum.photos/id/272/1920/1280
223,Maria Carrasco,4912,3264,https://unsplash.com/photos/vwY2D2Wr4ME,https://picsum.photos/id/223/4912/3264
345,Mario Calvo,5616,3744,https://unsplash.com/photos/S_mEIfXRzIk,https://picsum.photos/id/345/5616/3744
355,Mario Calvo,5340,3588,https://unsplash.com/photos/YOT6kS8YtEA,https://picsum.photos/id/355/5340/3588
123,Mark Doda,4928,3264,https://unsplash.com/photos/tS9hJOnmKK8,https://picsum.photos/id/123/4928/3264
387,Martin Daprsch,6000,4000,https://unsplash.com/photos/8ZgJyLGbC7Y,https://picsum.photos/id/387/6000/4000
377,Martin Stanak,4884,3256,https://unsplash.com/photos/8WClaa1CmZ0,https://picsum.photos/id/377/4884/3256
208,Martin Wessely,2002,1280,https://unsplash.com/photos/NYxxuBSQzp4,https://picsum.photos/id/208/2002/1280
209,Martin Wessely,1920,1280,https://unsplash.com/photos/-FgZlbzZ0R8,https://picsum.photos/id/209/1920/1280
210,Martin Wessely,1920,1280,https://unsplash.com/photos/sX4lxBWV0-A,https://picsum.photos/id/210/1920/1280
211,Martin Wessely,1920,1280,https://unsplash.com/photos/GDvSktiPIQQ,https://picsum.photos/id/211/1920/1280
242,Martin Wessely,1891,1280,https://unsplash.com/photos/LQiXb7dA4Dk,https://picsum.photos/id/242/1891/1280
219,Martyn Seddon,5184,3456,https://unsplash.com/photos/7iB4OZDlRok,https://picsum.photos/id/219/5184/3456
128,Matteo Minelli,3823,2549,https://unsplash.com/photos/hlnucYOsL-c,https://picsum.photos/id/128/3823/2549
195,Matthew Skinner,768,1024,https://unsplash.com/photos/t05kfHeygbE,https://picsum.photos/id/195/768/1024
299,Matthew Wiebe,5498,3615,https://unsplash.com/photos/nOhUx3tiaQQ,https://picsum.photos/id/299/5498/3615
380,Michael Quinn,4080,2710,https://unsplash.com/photos/scwYrU5hCSM,https://picsum.photos/id/380/4080/2710
228,Michal Kubicek,4608,3456,https://unsplash.com/photos/0AbVUUorULU,https://picsum.photos/id/228/4608/3456
218,Monika Majkowska,4752,3168,https://unsplash.com/photos/Nq8LdWC7HnM,https://picsum.photos/id/218/4752/3168
144,Mouly Kumar,4912,2760,https://unsplash.com/photos/TuOiIpkIea8,https://picsum.photos/id/144/4912/2760
119,Nadir Balcikli,3264,2176,https://unsplash.com/photos/wE9nUW7tMmk,https://picsum.photos/id/119/3264/2176
259,Namphuong Van,3264,2448,https://unsplash.com/photos/hfIheOEJp9M,https://picsum.photos/id/259/3264/2448
328,Nathalie Gouzace,3264,2448,https://unsplash.com/photos/hSeq6sn2HeE,https://picsum.photos/id/328/3264/2448
181,Nick Turner,1920,1189,https://unsplash.com/photos/0EjvnhOkPLM,https://picsum.photos/id/181/1920/1189
381,Nick West,8134,5562,https://unsplash.com/photos/4M-5WBrG5-c,https://picsum.photos/id/381/8134/5562
250,Nicola Perantoni,4928,3264,https://unsplash.com/photos/irUQaBK3ydI,https://picsum.photos/id/250/4928/3264
169,Noel Lopez,2500,1662,https://unsplash.com/photos/BjelfpszQDw,https://picsum.photos/id/169/2500/1662
170,Noel Lopez,2500,1667,https://unsplash.com/photos/LbS_k_c3BYA,https://picsum.photos/id/170/2500/1667
330,Oisin Conolly,4272,2848,https://unsplash.com/photos/tqNyUz2r6KQ,https://picsum.photos/id/330/4272/2848
248,Oliver Pacas,3872,2592,https://unsplash.com/photos/tZrrWkQT9MM,https://picsum.photos/id/248/3872/2592
295,Olivia Henry,4272,2848,https://unsplash.com/photos/-_rYK0egLWE,https://picsum.photos/id/295/4272/2848
229,Orlova Maria,2300,1533,https://unsplash.com/photos/7FLh300YONc,https://picsum.photos/id/229/2300/1533
243,Orlova Maria,2300,1533,https://unsplash.com/photos/DYW1s0AfLwo,https://picsum.photos/id/243/2300/1533
398,Oscar Nilsson,4912,3264,https://unsplash.com/photos/2aWEwBGSqR8,https://picsum.photos/id/398/4912/3264
338,Patryk Sobczak,2000,1333,https://unsplash.com/photos/9VPtNW84vGI,https://picsum.photos/id/338/2000/1333
235,Paul E Harrer,6000,4000,https://unsplash.com/photos/TI-B-TNYJMU,https://picsum.photos/id/235/6000/4000
293,Paul E Harrer,6000,4000,https://unsplash.com/photos/AJqHzUbc1io,https://picsum.photos/id/293/6000/4000
12,Paul Jarvis,2500,1667,https://unsplash.com/photos/I_9ILwtsl_k,https://picsum.photos/id/12/2500/1667
13,Paul Jarvis,2500,1667,https://unsplash.com/photos/3MtiSMdnoCo,https://picsum.photos/id/13/2500/1667
14,Paul Jarvis,2500,1667,https://unsplash.com/photos/IQ1kOQTJrOQ,https://picsum.photos/id/14/2500/1667
15,Paul Jarvis,2500,1667,https://unsplash.com/photos/NYDo21ssGao,https://picsum.photos/id/15/2500/1667
16,Paul Jarvis,2500,1667,https://unsplash.com/photos/gkT4FfgHO5o,https://picsum.photos/id/16/2500/1667
17,Paul Jarvis,2500,1667,https://unsplash.com/photos/Ven2CV8IJ5A,https://picsum.photos/id/17/2500/1667
18,Paul Jarvis,2500,1667,https://unsplash.com/photos/Ps2n0rShqaM,https://picsum.photos/id/18/2500/1667
19,Paul Jarvis,2500,1667,https://unsplash.com/photos/P7Lh0usGcuk,https://picsum.photos/id/19/2500/1667
216,Paul Jarvis,2500,1667,https://unsplash.com/photos/9702xTENR-M,https://picsum.photos/id/216/2500/1667
215,Paula Borowska,3264,2448,https://unsplash.com/photos/04paG2PxKGs,https://picsum.photos/id/215/3264/2448
317,Paula Borowska,1935,1089,https://unsplash.com/photos/cKYgt4K0g5w,https://picsum.photos/id/317/1935/1089
254,Pavel Voinov,4272,2848,https://unsplash.com/photos/adG2dX-ruJ4,https://picsum.photos/id/254/4272/2848
300,Pavel Voinov,4272,2848,https://unsplash.com/photos/2f_CnEeZsVg,https://picsum.photos/id/300/4272/2848
323,Pawel Wojciechowski,3831,2554,https://unsplash.com/photos/QYAojSRu82c,https://picsum.photos/id/323/3831/2554
132,Peter Besser,1600,1066,https://unsplash.com/photos/gq4kE8KRP8c,https://picsum.photos/id/132/1600/1066
167,Petradr,2896,1944,https://unsplash.com/photos/WqK_xV_hbug,https://picsum.photos/id/167/2896/1944
175,Petradr,2896,1944,https://unsplash.com/photos/8hgm6mKK04U,https://picsum.photos/id/175/2896/1944
206,Philipp Reiner,2880,1800,https://unsplash.com/photos/qPJ6eRAMmCM,https://picsum.photos/id/206/2880/1800
316,Philipp Reiner,4000,2667,https://unsplash.com/photos/M8PV59TCj6E,https://picsum.photos/id/316/4000/2667
354,Piotr Kwiatkowski,3800,2850,https://unsplash.com/photos/MNyW4STma6g,https://picsum.photos/id/354/3800/2850
121,Radio Pink,1600,1067,https://unsplash.com/photos/p-bkdO43shE,https://picsum.photos/id/121/1600/1067
351,Rafael Fabricio,3994,2443,https://unsplash.com/photos/nKRVmvjW3rE,https://picsum.photos/id/351/3994/2443
382,RayBay,3264,2448,https://unsplash.com/photos/kG71BXh8KFw,https://picsum.photos/id/382/3264/2448
366,Rayi Christian Wicaksono,4000,3000,https://unsplash.com/photos/6PF6DaiWz48,https://picsum.photos/id/366/4000/3000
118,Rick Waalders,1500,1000,https://unsplash.com/photos/d-Cr8MEW5Uc,https://picsum.photos/id/118/1500/1000
125,Rick Waalders,1500,1000,https://unsplash.com/photos/3HlgJNdnD7I,https://picsum.photos/id/125/1500/1000
171,Riley Briggs,2048,1536,https://unsplash.com/photos/cSe3oKQ03OQ,https://picsum.photos/id/171/2048/1536
267,Robin Benad,3796,2541,https://unsplash.com/photos/uLLUnacamlo,https://picsum.photos/id/267/3796/2541
294,Robin Benad,3753,2309,https://unsplash.com/photos/NKV6xXErcyY,https://picsum.photos/id/294/3753/2309
220,Robin Rapcker,3872,2416,https://unsplash.com/photos/qUToqliACNA,https://picsum.photos/id/220/3872/2416
32,Rodrigo Melo,4032,3024,https://unsplash.com/photos/eG3k60PrTGY,https://picsum.photos/id/32/4032/3024
166,Romain Briaux,1280,720,https://unsplash.com/photos/yD3PXDV7Sjc,https://picsum.photos/id/166/1280/720
362,Ry Van,4438,2954,https://unsplash.com/photos/2UbJtgQp8VQ,https://picsum.photos/id/362/4438/2954
130,Ryan Jacques,3807,2538,https://unsplash.com/photos/ywiAen4L4qA,https://picsum.photos/id/130/3807/2538
40,Ryan Mcguire,4106,2806,https://unsplash.com/photos/N-1XGL54pQg,https://picsum.photos/id/40/4106/2806
327,Ryan Schroeder,4442,2961,https://unsplash.com/photos/Gg7uKdHFb_c,https://picsum.photos/id/327/4442/2961
396,Sam X,6000,4000,https://unsplash.com/photos/ko-wCySsj-I,https://picsum.photos/id/396/6000/4000
391,Sarah Holmes,2980,2151,https://unsplash.com/photos/TlLgCqWEzUQ,https://picsum.photos/id/391/2980/2151
306,Schicka,1024,768,https://unsplash.com/photos/6T7kfc3VitU,https://picsum.photos/id/306/1024/768
403,Sergey Zolkin,3997,2665,https://unsplash.com/photos/E0Spm6XXn2Y,https://picsum.photos/id/403/3997/2665
35,Shane Colella,2758,3622,https://unsplash.com/photos/znM0ujn2RUA,https://picsum.photos/id/35/2758/3622
30,Shyamanta Baruah,1280,901,https://unsplash.com/photos/aeVA-j1y2BY,https://picsum.photos/id/30/1280/901
159,Shyamanta Baruah,5184,2551,https://unsplash.com/photos/kxqvE41_07k,https://picsum.photos/id/159/5184/2551
186,Simon Pape,2048,1275,https://unsplash.com/photos/2kc8bigeqEI,https://picsum.photos/id/186/2048/1275
312,Sonja Langford,3888,2592,https://unsplash.com/photos/RQHzRELE2Ss,https://picsum.photos/id/312/3888/2592
313,Sonja Langford,3888,2592,https://unsplash.com/photos/4xYgBTYC2-Q,https://picsum.photos/id/313/3888/2592
324,Sonja Langford,3888,2592,https://unsplash.com/photos/L_F8jAsRWtU,https://picsum.photos/id/324/3888/2592
357,Sonja Langford,3888,2592,https://unsplash.com/photos/eIkbSc3SDtI,https://picsum.photos/id/357/3888/2592
139,Steve Richey,3465,3008,https://unsplash.com/photos/M-1MRfncLk0,https://picsum.photos/id/139/3465/3008
143,Steve Richey,3600,2385,https://unsplash.com/photos/6xqAK6oAeHA,https://picsum.photos/id/143/3600/2385
342,Steven Lewis,2896,1944,https://unsplash.com/photos/r4He4Btlsro,https://picsum.photos/id/342/2896/1944
152,Steven Spassov,3888,2592,https://unsplash.com/photos/tVIqMgGlAG0,https://picsum.photos/id/152/3888/2592
288,Stockholm,3888,2592,https://unsplash.com/photos/eVBg7A07NGg,https://picsum.photos/id/288/3888/2592
399,Sunset Girl,2048,1365,https://unsplash.com/photos/FjAD28N8-IQ,https://picsum.photos/id/399/2048/1365
198,Sylwia Bartyzel,3456,2304,https://unsplash.com/photos/FC9mIjVT-Yw,https://picsum.photos/id/198/3456/2304
212,Sylwia Bartyzel,2000,1394,https://unsplash.com/photos/eDDQRAYKo7k,https://picsum.photos/id/212/2000/1394
241,Sylwia Bartyzel,3456,2304,https://unsplash.com/photos/1Cg7BQXp024,https://picsum.photos/id/241/3456/2304
256,Sylwia Bartyzel,2000,697,https://unsplash.com/photos/iOPsLuogRao,https://picsum.photos/id/256/2000/697
260,Sylwia Bartyzel,1500,2250,https://unsplash.com/photos/OdAqbedkfiA,https://picsum.photos/id/260/1500/2250
336,Sylwia Bartyzel,1600,1060,https://unsplash.com/photos/7_cSSarxoAA,https://picsum.photos/id/336/1600/1060
277,Taylor Leopold,5616,3744,https://unsplash.com/photos/pElM4yerF5Q,https://picsum.photos/id/277/5616/3744
278,Taylor Leopold,5616,3744,https://unsplash.com/photos/6QQqqvq4R9A,https://picsum.photos/id/278/5616/3744
279,Taylor Leopold,5616,3744,https://unsplash.com/photos/OHS0yA7OkrQ,https://picsum.photos/id/279/5616/3744
282,Taylor Leopold,5616,3744,https://unsplash.com/photos/9dw0xLlxw1s,https://picsum.photos/id/282/5616/3744
178,Thanun Buranapong,2592,1936,https://unsplash.com/photos/JbeBraLha7U,https://picsum.photos/id/178/2592/1936
160,Thom,3200,2119,https://unsplash.com/photos/Zdcq3iKly6g,https://picsum.photos/id/160/3200/2119
331,Thong Vo,3648,2432,https://unsplash.com/photos/g28MgVK85bQ,https://picsum.photos/id/331/3648/2432
204,Tiago Gerken,5184,3456,https://unsplash.com/photos/vCqmY3bfqfo,https://picsum.photos/id/204/5184/3456
251,Tiago Gerken,5184,3456,https://unsplash.com/photos/b7g3wVqr1gU,https://picsum.photos/id/251/5184/3456
184,Tim de Groot,4288,2848,https://unsplash.com/photos/yNGQ830uFB4,https://picsum.photos/id/184/4288/2848
185,Tim de Groot,3995,2662,https://unsplash.com/photos/M_eB1UjE0do,https://picsum.photos/id/185/3995/2662
341,Timothy Muza,7360,4912,https://unsplash.com/photos/6VjPmyMj5KM,https://picsum.photos/id/341/7360/4912
301,Tirza van Dijk,4752,3168,https://unsplash.com/photos/Tn4Su6l4j_s,https://picsum.photos/id/301/4752/3168
339,Tirza van Dijk,4752,3168,https://unsplash.com/photos/aGx7X1VmFIY,https://picsum.photos/id/339/4752/3168
221,Todd Quackenbush,1440,879,https://unsplash.com/photos/7UzYfAXUgI8,https://picsum.photos/id/221/1440/879
222,Todd Quackenbush,1800,977,https://unsplash.com/photos/CKl172V28wM,https://picsum.photos/id/222/1800/977
217,Tom Butler,4000,2590,https://unsplash.com/photos/YOQDokJipFg,https://picsum.photos/id/217/4000/2590
386,Topich,4320,2432,https://unsplash.com/photos/czfUy4ZKuJ0,https://picsum.photos/id/386/4320/2432
368,Tyssul Patel,4896,3264,https://unsplash.com/photos/o-zOatT4kQw,https://picsum.photos/id/368/4896/3264
26,Vadim Sherbakov,4209,2769,https://unsplash.com/photos/tCICLJ5ktBE,https://picsum.photos/id/26/4209/2769
36,Vadim Sherbakov,4179,2790,https://unsplash.com/photos/osSryggkso4,https://picsum.photos/id/36/4179/2790
122,Vadim Sherbakov,4147,2756,https://unsplash.com/photos/xS_RzdD5CFE,https://picsum.photos/id/122/4147/2756
142,Vadim Sherbakov,4272,2848,https://unsplash.com/photos/KSyemQIWwP8,https://picsum.photos/id/142/4272/2848
193,Vadim Sherbakov,3578,2451,https://unsplash.com/photos/d6ebY-faOO0,https://picsum.photos/id/193/3578/2451
225,Vee O,1500,979,https://unsplash.com/photos/hGO27G5tZJ8,https://picsum.photos/id/225/1500/979
281,Victor Erixon,4928,3264,https://unsplash.com/photos/_poRbNNfcE8,https://picsum.photos/id/281/4928/3264
270,Victoria Alexander,5072,3368,https://unsplash.com/photos/TXG9VLN1J9U,https://picsum.photos/id/270/5072/3368
137,Vladimir Kramer,4752,3168,https://unsplash.com/photos/xzZtV9ED5Bs,https://picsum.photos/id/137/4752/3168
292,Webvilla,3852,2556,https://unsplash.com/photos/hv1MrBzGGNY,https://picsum.photos/id/292/3852/2556
375,Wellington Sanipe,5184,3456,https://unsplash.com/photos/3jUTmrmdNVg,https://picsum.photos/id/375/5184/3456
230,Wes Carr,1500,1500,https://unsplash.com/photos/rFKUFzjPYiQ,https://picsum.photos/id/230/1500/1500
273,Wim Peters,2106,1534,https://unsplash.com/photos/cyi4rNpSxBE,https://picsum.photos/id/273/2106/1534
188,Wojtek Witkowski,2896,1936,https://unsplash.com/photos/1fpyA_z2woY,https://picsum.photos/id/188/2896/1936
274,Wojtek Witkowski,3824,2520,https://unsplash.com/photos/h7rOzTmGxWE,https://picsum.photos/id/274/3824/2520
283,Wojtek Witkowski,3823,2538,https://unsplash.com/photos/GtxZbYMCiPY,https://picsum.photos/id/283/3823/2538
244,Yair Hazout,4288,2848,https://unsplash.com/photos/Y-eIZ3g8_ko,https://picsum.photos/id/244/4288/2848
27,Yoni Kaplan-Nadel,3264,1836,https://unsplash.com/photos/iJnZwLBOB1I,https://picsum.photos/id/27/3264/1836
135,Yuriy Khimanin,2560,1920,https://unsplash.com/photos/o4H20aIIAt8,https://picsum.photos/id/135/2560/1920
126,Zugr,4272,2511,https://unsplash.com/photos/asrWX-lU3RE,https://picsum.photos/id/126/4272/2511
